id_venda,id_cliente,id_produto,data_venda,quantidade,preco_unitario
1,145,1004,6/16/2024,5,$1889.83
2,112,1014,11/27/2024,4,$596.15
3,131,1011,6/12/2025,1,$597.78
4,131,1011,6/24/2025,4,$845.93
5,141,1005,5/3/2025,3,$1658.47
6,142,1007,9/23/2025,5,$1471.43
7,119,1018,11/1/2024,4,$758.38
8,108,1003,8/31/2024,4,$1320.46
9,108,1020,8/29/2025,3,$486.72
10,109,1012,6/15/2024,4,$457.67
11,135,1018,8/17/2025,2,$1671.67
12,149,1015,3/4/2025,4,$1692.69
13,132,1002,3/14/2025,3,$1780.32
14,101,1019,10/3/2025,1,$1311.49
15,133,1007,1/8/2024,4,$996.36
16,114,1005,7/28/2024,5,$1411.90
17,149,1003,1/19/2025,3,$1540.60
18,124,1013,5/25/2024,1,$358.25
19,146,1006,9/18/2024,1,$691.68
20,140,1012,5/19/2025,1,$265.40
21,104,1018,8/2/2024,4,$844.34
22,150,1018,5/1/2025,3,$1718.45
23,127,1015,8/13/2025,4,$1829.74
24,123,1001,1/28/2025,4,$562.58
25,112,1013,8/19/2024,2,$1159.50
26,103,1003,5/30/2024,4,$442.67
27,128,1017,9/28/2025,4,$1097.60
28,108,1020,8/29/2025,5,$1321.10
29,102,1004,5/21/2025,3,$577.98
30,150,1006,9/1/2024,5,$835.98
31,110,1001,1/28/2025,1,$1612.67
32,130,1008,7/23/2024,1,$735.27
33,145,1010,7/24/2024,1,$373.63
34,119,1016,7/29/2024,1,$969.61
35,139,1007,1/15/2024,2,$815.81
36,102,1014,10/31/2025,4,$1911.99
37,131,1003,8/13/2025,2,$1069.01
38,125,1002,12/12/2024,3,$255.29
39,107,1008,8/31/2025,1,$255.39
40,126,1018,7/18/2024,1,$1717.68
41,111,1007,9/18/2024,4,$1794.66
42,102,1020,10/4/2025,5,$833.32
43,103,1015,6/5/2024,1,$349.25
44,103,1002,4/6/2025,3,$1846.47
45,125,1002,10/30/2024,4,$719.28
46,149,1020,8/16/2025,1,$87.02
47,134,1020,12/6/2024,3,$313.10
48,108,1003,5/31/2025,4,$1403.73
49,112,1010,2/26/2025,5,$1150.68
50,113,1017,6/30/2024,2,$360.10
51,131,1020,8/20/2025,3,$1932.76
52,121,1009,3/2/2024,2,$1060.37
53,110,1007,3/20/2025,4,$419.65
54,101,1010,4/17/2025,2,$909.60
55,105,1010,12/15/2024,3,$1177.29
56,139,1010,10/13/2024,2,$964.41
57,125,1008,9/1/2025,5,$443.34
58,150,1008,7/12/2024,3,$745.69
59,138,1001,6/24/2025,3,$1241.54
60,113,1013,7/25/2024,1,$1989.52
61,116,1020,1/22/2025,3,$839.00
62,137,1005,4/6/2024,1,$1321.84
63,104,1001,11/3/2024,1,$1984.34
64,129,1002,5/25/2025,5,$187.70
65,127,1004,8/3/2025,2,$346.66
66,134,1009,12/19/2024,5,$327.00
67,140,1004,8/23/2024,1,$430.99
68,134,1003,6/9/2025,4,$1958.72
69,138,1003,7/25/2025,3,$1113.03
70,146,1007,6/7/2025,4,$1238.48
71,132,1017,7/30/2025,5,$1918.82
72,103,1010,6/2/2024,1,$775.02
73,121,1011,4/8/2024,2,$718.55
74,143,1004,8/7/2024,5,$1948.36
75,126,1005,7/22/2024,4,$208.53
76,102,1006,2/20/2025,5,$1670.07
77,122,1017,7/6/2025,3,$371.31
78,149,1017,6/27/2025,3,$1416.67
79,140,1010,7/12/2025,4,$1816.73
80,113,1004,1/4/2024,2,$279.62
81,146,1019,3/7/2024,1,$1092.53
82,112,1012,11/7/2024,5,$725.33
83,136,1006,1/19/2025,5,$790.50
84,127,1007,7/5/2024,3,$1375.41
85,122,1015,12/22/2024,4,$591.88
86,129,1003,4/22/2025,3,$67.49
87,114,1003,8/26/2025,2,$1898.20
88,103,1003,6/20/2024,5,$1387.00
89,118,1003,6/12/2024,4,$1702.03
90,118,1013,6/6/2025,2,$1742.04
91,145,1016,1/20/2024,2,$1723.93
92,129,1015,3/2/2024,3,$1299.28
93,145,1007,4/21/2024,3,$982.75
94,137,1002,2/12/2024,3,$63.91
95,125,1001,11/1/2024,1,$288.84
96,118,1016,4/23/2025,2,$1052.14
97,141,1014,8/1/2024,2,$1660.79
98,130,1013,12/19/2024,3,$1767.56
99,127,1001,1/10/2024,4,$1821.41
100,103,1007,12/1/2024,1,$1367.30
101,132,1017,4/13/2025,5,$1583.39
102,133,1005,4/16/2025,1,$1883.50
103,142,1003,2/11/2024,1,$1751.65
104,136,1001,10/24/2025,2,$905.17
105,135,1005,4/12/2024,1,$1117.36
106,147,1017,11/29/2025,5,$315.84
107,103,1008,2/5/2024,5,$221.20
108,137,1011,5/3/2024,1,$398.32
109,110,1002,8/31/2025,2,$1958.44
110,115,1004,6/7/2024,3,$386.38
111,138,1007,11/6/2025,3,$74.05
112,124,1009,1/31/2024,5,$1843.29
113,143,1012,4/3/2025,1,$399.89
114,103,1003,1/12/2024,3,$1823.20
115,111,1020,10/16/2025,2,$1191.94
116,147,1017,2/6/2024,5,$249.99
117,116,1005,7/7/2025,5,$377.16
118,141,1008,2/18/2024,3,$648.16
119,126,1017,9/14/2024,4,$1544.86
120,102,1010,11/14/2024,2,$283.47
121,135,1010,2/18/2025,4,$1314.63
122,136,1009,7/11/2025,2,$1594.18
123,108,1004,7/25/2025,2,$1044.97
124,134,1001,1/23/2024,1,$147.10
125,147,1004,5/31/2024,3,$16.74
126,138,1017,8/24/2025,4,$1233.47
127,110,1018,5/29/2024,5,$1459.44
128,147,1010,12/16/2024,1,$1862.61
129,106,1003,12/14/2024,5,$809.46
130,149,1010,4/28/2024,3,$411.65
131,102,1002,5/12/2025,5,$284.18
132,136,1016,6/5/2024,2,$160.55
133,125,1012,12/16/2024,5,$320.84
134,131,1012,8/2/2024,2,$672.98
135,132,1018,3/24/2025,5,$1848.44
136,133,1015,2/15/2024,1,$85.87
137,129,1010,11/17/2025,1,$930.54
138,145,1017,3/19/2025,3,$345.35
139,103,1001,4/27/2024,2,$1102.80
140,134,1002,10/31/2024,3,$679.90
141,114,1019,5/16/2024,4,$78.80
142,108,1015,11/21/2025,5,$547.91
143,125,1019,4/15/2024,4,$965.85
144,142,1003,9/5/2025,3,$768.12
145,105,1011,11/4/2025,5,$1565.53
146,137,1003,9/12/2024,1,$1437.80
147,150,1015,12/23/2024,1,$1556.05
148,139,1003,7/31/2025,3,$1059.58
149,115,1011,9/23/2024,4,$1028.20
150,104,1005,5/2/2025,3,$1703.08
151,112,1007,1/7/2024,2,$1743.87
152,136,1007,7/26/2024,2,$1438.45
153,145,1019,12/1/2024,1,$1760.74
154,142,1003,9/13/2024,3,$188.75
155,117,1018,12/16/2024,1,$1880.48
156,137,1017,6/4/2025,5,$1195.64
157,135,1020,2/20/2024,4,$1416.72
158,121,1007,1/28/2025,4,$1847.85
159,148,1020,11/25/2025,4,$521.58
160,114,1013,7/13/2025,2,$98.43
161,142,1003,4/27/2024,3,$1313.63
162,130,1002,5/10/2024,3,$276.57
163,118,1012,8/27/2024,3,$1070.47
164,109,1002,4/28/2025,4,$1311.75
165,141,1007,4/24/2025,5,$77.53
166,116,1014,7/4/2024,5,$1156.96
167,145,1019,9/17/2025,2,$1065.93
168,144,1018,1/15/2025,1,$315.62
169,141,1001,8/19/2025,2,$1531.64
170,108,1018,8/1/2025,1,$943.34
171,116,1013,9/5/2024,4,$483.92
172,129,1018,12/28/2024,2,$367.69
173,102,1020,5/20/2025,4,$1466.69
174,119,1001,6/13/2024,3,$225.39
175,133,1011,1/31/2024,1,$1069.66
176,136,1020,9/13/2025,4,$1962.26
177,109,1004,4/24/2024,2,$1562.95
178,123,1017,1/10/2024,1,$389.08
179,134,1008,8/13/2025,1,$1790.20
180,142,1006,5/9/2025,3,$970.85
181,147,1012,7/8/2024,3,$1731.75
182,129,1005,7/11/2025,1,$912.24
183,137,1019,5/5/2024,5,$1409.25
184,150,1018,4/9/2024,4,$486.06
185,114,1014,4/25/2025,3,$1749.75
186,127,1012,6/20/2024,1,$976.05
187,134,1007,9/24/2025,1,$1565.62
188,119,1011,10/19/2025,1,$308.44
189,112,1004,8/27/2025,1,$1387.04
190,102,1017,12/1/2024,5,$1230.72
191,112,1013,3/17/2024,1,$1160.85
192,130,1010,9/19/2024,2,$1145.78
193,130,1016,10/18/2024,5,$493.05
194,146,1001,1/20/2025,1,$480.07
195,121,1014,6/13/2024,5,$710.01
196,101,1019,2/16/2025,2,$1722.45
197,110,1012,2/6/2025,1,$916.02
198,119,1009,5/21/2025,1,$1921.65
199,134,1004,9/3/2025,2,$474.58
200,117,1002,9/9/2024,1,$1105.54
201,140,1010,7/10/2025,3,$50.56
202,111,1008,8/6/2025,4,$759.79
203,115,1003,3/29/2024,1,$483.85
204,145,1018,1/23/2024,5,$1032.37
205,138,1009,3/21/2024,5,$1936.47
206,111,1006,6/5/2024,5,$1933.00
207,125,1019,6/21/2024,4,$1123.90
208,129,1003,10/13/2025,4,$1663.06
209,136,1012,1/5/2025,1,$1161.79
210,141,1006,5/1/2025,5,$1105.36
211,118,1005,4/9/2025,1,$1541.01
212,122,1020,5/15/2025,3,$105.32
213,109,1010,6/27/2024,1,$1057.15
214,141,1020,4/22/2024,4,$1805.21
215,119,1003,10/19/2025,5,$15.70
216,124,1020,5/14/2024,1,$1922.46
217,125,1010,4/20/2025,4,$1384.16
218,133,1008,3/15/2024,1,$1280.05
219,101,1014,4/27/2024,5,$1986.72
220,105,1008,3/8/2024,2,$66.31
221,135,1001,5/23/2024,3,$1498.67
222,126,1008,7/5/2025,1,$1778.71
223,108,1001,7/5/2024,4,$1035.95
224,101,1014,8/10/2024,2,$647.49
225,131,1010,11/3/2025,2,$476.54
226,116,1007,4/7/2025,4,$41.51
227,147,1012,8/20/2024,5,$1878.46
228,118,1014,9/26/2025,4,$1570.34
229,110,1010,10/21/2025,2,$1567.57
230,106,1003,7/30/2024,4,$1780.57
231,137,1006,3/8/2024,5,$1863.94
232,143,1014,5/22/2024,2,$132.00
233,124,1005,9/15/2024,4,$1895.58
234,115,1008,6/15/2024,1,$1689.54
235,136,1007,1/3/2024,1,$1109.52
236,135,1017,9/21/2024,3,$1322.86
237,117,1001,6/3/2024,5,$1728.70
238,115,1006,3/30/2025,5,$1557.30
239,148,1017,12/31/2024,5,$618.95
240,128,1015,6/27/2025,3,$1772.96
241,125,1004,11/3/2025,2,$1755.56
242,128,1013,10/24/2025,1,$1126.17
243,118,1005,7/27/2025,1,$1844.19
244,138,1010,3/7/2024,2,$543.06
245,124,1019,12/12/2024,3,$1377.39
246,131,1008,5/21/2025,1,$390.34
247,119,1001,3/26/2024,2,$1002.95
248,146,1002,4/5/2024,1,$1668.48
249,142,1006,11/21/2024,5,$937.68
250,113,1006,5/14/2024,4,$1453.39
251,115,1015,11/14/2024,4,$544.03
252,120,1006,1/3/2025,4,$551.43
253,101,1018,5/12/2024,4,$1723.24
254,136,1006,10/25/2025,2,$1122.89
255,149,1008,5/26/2025,4,$975.49
256,128,1017,1/12/2024,5,$411.70
257,144,1014,9/12/2025,5,$907.10
258,120,1008,9/7/2025,3,$947.63
259,137,1002,5/2/2024,1,$395.90
260,117,1002,11/14/2025,4,$1847.68
261,145,1020,6/27/2025,2,$965.43
262,106,1008,8/28/2024,5,$1006.81
263,150,1006,4/12/2025,2,$474.33
264,143,1001,6/18/2024,3,$1939.41
265,101,1019,6/2/2024,2,$1155.71
266,136,1010,9/4/2024,3,$368.81
267,137,1014,2/2/2025,4,$897.61
268,123,1006,1/28/2024,1,$257.55
269,139,1020,8/5/2024,3,$1750.59
270,136,1014,7/23/2024,3,$579.83
271,104,1003,5/19/2025,1,$1288.04
272,134,1020,4/18/2025,4,$419.78
273,135,1005,8/24/2025,3,$1461.94
274,120,1013,7/21/2024,2,$490.18
275,137,1012,4/1/2024,3,$860.45
276,142,1018,3/20/2025,1,$1189.32
277,128,1011,11/15/2025,3,$1120.89
278,105,1003,3/28/2025,4,$334.04
279,127,1004,7/28/2024,3,$1449.70
280,133,1012,4/15/2024,3,$220.18
281,119,1012,5/12/2024,4,$1227.46
282,104,1001,9/20/2025,1,$363.04
283,144,1019,2/14/2024,4,$1989.38
284,125,1001,7/29/2025,5,$1733.36
285,130,1010,10/16/2024,5,$696.41
286,103,1005,2/5/2025,2,$1981.46
287,117,1001,10/12/2025,3,$998.38
288,129,1009,10/27/2025,2,$1293.55
289,121,1005,6/20/2024,2,$282.49
290,142,1015,6/21/2024,5,$1091.25
291,147,1006,9/29/2025,4,$1097.48
292,127,1015,6/30/2024,1,$560.98
293,147,1010,10/24/2025,5,$935.70
294,113,1016,12/26/2024,2,$683.22
295,129,1007,9/27/2025,5,$125.33
296,135,1004,4/5/2025,3,$1059.43
297,149,1012,9/12/2025,4,$271.76
298,149,1010,10/4/2025,1,$1772.73
299,102,1001,5/10/2025,2,$1986.99
300,122,1012,2/24/2025,4,$1516.68
301,125,1011,3/28/2024,1,$1651.04
302,136,1007,9/19/2025,2,$602.92
303,140,1011,5/16/2024,1,$558.54
304,113,1011,3/7/2025,3,$413.21
305,119,1006,10/11/2025,4,$1163.37
306,121,1007,11/7/2025,3,$1135.32
307,147,1012,3/12/2024,1,$77.19
308,129,1006,7/15/2025,4,$1315.67
309,137,1008,3/24/2024,4,$1546.32
310,135,1012,4/10/2025,1,$311.15
311,141,1020,5/1/2024,5,$705.19
312,144,1004,2/22/2024,2,$252.74
313,128,1010,8/7/2024,2,$542.63
314,146,1011,1/26/2024,5,$1985.29
315,145,1014,7/10/2024,1,$1144.32
316,112,1019,6/18/2025,2,$1423.64
317,122,1019,2/10/2024,2,$846.82
318,116,1001,11/18/2025,4,$1464.33
319,128,1008,1/18/2024,3,$1281.88
320,139,1002,6/19/2024,1,$1465.67
321,144,1013,2/29/2024,2,$28.81
322,138,1002,4/18/2025,2,$1333.24
323,125,1020,1/15/2024,2,$233.56
324,137,1005,11/13/2025,2,$1921.03
325,139,1008,12/16/2024,4,$1773.51
326,137,1006,1/1/2025,1,$350.34
327,125,1013,9/8/2025,2,$137.14
328,116,1002,10/11/2025,3,$1811.17
329,143,1015,2/18/2025,2,$788.77
330,107,1014,8/25/2024,3,$1093.83
331,133,1003,1/8/2025,3,$1656.43
332,144,1016,5/4/2024,5,$985.63
333,138,1008,4/2/2024,2,$1762.64
334,140,1011,4/28/2025,2,$1063.68
335,112,1011,1/20/2024,3,$165.10
336,143,1009,3/13/2024,4,$1340.34
337,115,1018,8/3/2024,2,$542.89
338,140,1017,7/31/2024,4,$997.85
339,111,1006,4/2/2024,3,$873.71
340,104,1019,12/16/2024,1,$139.41
341,145,1008,10/18/2025,4,$1133.03
342,129,1009,7/29/2024,4,$602.24
343,115,1020,4/23/2025,3,$1365.43
344,108,1014,7/10/2024,4,$1995.02
345,131,1015,1/23/2025,3,$92.23
346,129,1020,1/3/2024,3,$307.95
347,114,1014,1/9/2024,2,$1690.41
348,131,1007,4/22/2025,3,$1600.70
349,119,1014,7/21/2025,3,$1612.45
350,144,1007,10/1/2024,2,$458.31
351,128,1016,6/10/2024,5,$1666.66
352,127,1003,11/25/2025,1,$1488.87
353,124,1002,5/12/2025,4,$279.32
354,104,1016,3/21/2024,3,$94.94
355,124,1007,7/11/2024,5,$1602.37
356,148,1012,4/24/2025,4,$1219.09
357,110,1004,7/14/2024,3,$1878.13
358,149,1006,2/12/2024,4,$1677.82
359,114,1012,9/14/2024,1,$65.25
360,139,1018,3/3/2025,3,$1007.01
361,113,1010,4/22/2024,2,$1290.79
362,133,1011,3/28/2024,2,$1355.65
363,147,1001,3/8/2025,2,$746.99
364,118,1013,8/2/2025,3,$100.34
365,104,1011,4/20/2025,5,$528.98
366,105,1002,4/23/2024,2,$164.49
367,135,1005,10/16/2025,1,$1021.00
368,103,1016,8/23/2024,5,$802.26
369,105,1009,3/14/2025,4,$1754.89
370,108,1001,5/17/2024,4,$556.13
371,117,1007,8/25/2024,5,$1166.61
372,107,1014,9/16/2025,1,$490.67
373,120,1003,2/27/2024,5,$1625.50
374,135,1009,2/27/2024,5,$1140.36
375,119,1020,3/11/2025,2,$781.82
376,135,1020,11/19/2024,2,$947.07
377,109,1015,11/29/2024,3,$1297.39
378,149,1014,3/9/2024,1,$323.10
379,148,1015,3/31/2025,2,$42.02
380,129,1005,1/1/2024,5,$80.02
381,146,1009,5/2/2025,4,$741.64
382,113,1001,6/23/2024,4,$1375.09
383,145,1017,4/9/2024,4,$933.01
384,126,1002,10/9/2025,4,$1305.83
385,125,1016,7/17/2025,2,$712.75
386,145,1013,10/18/2024,3,$1696.86
387,102,1011,5/14/2024,5,$386.63
388,112,1005,6/25/2024,3,$324.09
389,137,1004,6/9/2024,1,$356.89
390,125,1019,11/10/2025,1,$1676.11
391,136,1007,1/8/2025,2,$1852.73
392,135,1012,2/25/2024,1,$1273.58
393,129,1013,5/22/2025,5,$661.88
394,130,1004,7/29/2025,2,$1987.46
395,148,1012,4/3/2024,2,$1252.46
396,110,1011,2/18/2024,5,$1255.96
397,104,1011,8/15/2024,5,$1514.60
398,127,1002,6/8/2024,2,$1101.32
399,118,1009,1/1/2024,1,$410.94
400,148,1002,3/6/2024,4,$848.38
401,145,1011,9/14/2025,4,$1406.34
402,121,1014,11/9/2025,3,$1934.41
403,147,1016,1/3/2024,2,$1669.58
404,139,1001,2/4/2024,5,$62.56
405,107,1011,5/16/2025,4,$54.49
406,147,1010,1/17/2025,5,$1902.71
407,130,1015,5/8/2024,2,$1391.39
408,107,1004,11/17/2025,2,$150.59
409,117,1005,5/29/2024,4,$945.08
410,113,1003,3/17/2024,4,$1884.83
411,121,1005,5/6/2024,5,$1907.52
412,148,1008,3/16/2025,4,$528.48
413,138,1020,3/11/2025,3,$168.52
414,141,1010,2/16/2024,5,$1719.38
415,140,1006,2/26/2024,4,$124.74
416,108,1007,8/28/2025,5,$780.44
417,115,1006,10/10/2025,5,$356.94
418,116,1019,10/17/2025,1,$1295.47
419,121,1010,8/10/2025,2,$31.95
420,138,1009,11/17/2025,1,$1054.93
421,120,1015,6/28/2024,1,$1251.25
422,129,1012,2/23/2025,5,$950.87
423,112,1007,1/15/2024,3,$897.13
424,102,1016,4/27/2025,5,$559.92
425,122,1003,2/5/2025,4,$777.50
426,125,1015,3/31/2025,2,$558.56
427,144,1003,12/30/2024,1,$227.36
428,127,1011,8/21/2024,5,$1841.49
429,138,1001,11/30/2024,5,$761.43
430,137,1011,7/14/2025,4,$154.90
431,138,1010,11/17/2024,3,$915.91
432,111,1020,11/12/2025,3,$854.69
433,111,1002,7/10/2024,2,$41.19
434,108,1005,11/23/2025,1,$30.44
435,143,1020,7/7/2025,4,$291.74
436,140,1013,4/12/2025,4,$441.15
437,125,1017,9/9/2025,4,$1616.31
438,103,1013,4/11/2024,4,$1330.70
439,139,1019,6/19/2024,4,$558.44
440,144,1015,4/21/2024,2,$865.17
441,123,1011,5/11/2024,3,$1563.09
442,124,1003,6/4/2025,4,$649.64
443,142,1016,5/17/2025,2,$1864.32
444,109,1020,5/9/2024,1,$1005.95
445,133,1004,6/11/2025,1,$1303.92
446,124,1015,2/24/2025,5,$1251.58
447,126,1004,1/4/2025,3,$858.78
448,147,1013,2/8/2025,5,$1678.66
449,113,1019,11/28/2025,4,$121.39
450,115,1003,9/16/2025,3,$1619.86
451,146,1008,5/23/2025,5,$861.95
452,131,1002,7/16/2024,1,$1011.61
453,105,1002,4/15/2025,5,$643.71
454,145,1020,12/1/2024,5,$1189.15
455,116,1012,4/27/2025,5,$555.86
456,103,1018,5/5/2024,5,$1393.09
457,103,1018,7/31/2025,5,$608.20
458,117,1020,9/19/2024,1,$1660.16
459,106,1008,5/20/2025,1,$827.70
460,116,1003,11/18/2025,4,$425.79
461,145,1001,4/20/2024,4,$831.98
462,112,1005,4/2/2024,4,$147.97
463,120,1006,6/1/2024,1,$653.41
464,101,1004,2/8/2024,3,$547.19
465,116,1006,3/7/2025,2,$704.94
466,122,1007,1/18/2025,4,$878.06
467,116,1019,9/1/2025,2,$887.44
468,131,1019,10/15/2025,1,$1779.85
469,133,1010,7/23/2025,3,$629.82
470,109,1008,4/22/2025,2,$1950.25
471,129,1007,8/27/2024,1,$572.81
472,141,1011,11/10/2025,1,$1209.84
473,127,1004,3/1/2025,1,$1531.00
474,109,1001,6/24/2025,5,$1058.09
475,136,1004,1/9/2024,2,$153.35
476,102,1009,1/26/2025,4,$646.27
477,115,1012,5/11/2025,4,$435.18
478,119,1011,7/31/2025,1,$500.94
479,102,1004,12/10/2024,3,$1948.90
480,132,1001,11/5/2025,1,$843.39
481,131,1008,11/21/2024,3,$138.16
482,119,1012,9/6/2025,4,$201.04
483,142,1004,12/20/2024,3,$202.82
484,139,1017,8/21/2024,4,$1990.87
485,125,1018,10/21/2024,5,$818.31
486,149,1020,11/9/2024,5,$1473.63
487,143,1015,2/18/2024,4,$1892.08
488,104,1012,7/15/2025,3,$1127.88
489,130,1013,10/25/2025,4,$1588.69
490,105,1019,6/24/2024,3,$1255.37
491,105,1003,12/4/2024,2,$245.51
492,106,1011,3/25/2025,2,$1272.99
493,127,1015,7/4/2025,3,$806.07
494,147,1017,11/20/2024,1,$1943.67
495,127,1006,7/8/2025,5,$836.05
496,111,1011,11/1/2025,2,$1168.16
497,138,1020,1/13/2025,4,$1817.64
498,131,1007,7/4/2024,3,$342.28
499,139,1006,12/12/2024,1,$1269.62
500,108,1015,3/30/2025,5,$44.18
501,106,1019,1/11/2025,4,$175.65
502,145,1001,9/20/2025,2,$999.30
503,121,1018,6/1/2025,3,$885.41
504,101,1006,10/23/2025,5,$1417.08
505,124,1019,10/17/2024,5,$796.69
506,149,1009,2/11/2024,3,$1814.36
507,101,1003,11/20/2024,5,$1643.92
508,141,1011,12/20/2024,3,$220.76
509,117,1008,3/8/2025,2,$245.28
510,102,1013,4/1/2025,1,$1260.22
511,134,1007,8/15/2025,3,$228.49
512,120,1005,9/21/2024,1,$246.16
513,140,1013,1/16/2024,4,$1794.48
514,127,1017,10/18/2024,2,$770.61
515,126,1004,3/19/2024,3,$365.53
516,111,1013,3/12/2025,4,$735.08
517,119,1005,11/19/2024,4,$173.18
518,107,1020,11/13/2025,1,$532.34
519,145,1016,10/8/2024,4,$1883.27
520,102,1016,4/30/2025,3,$1132.44
521,150,1011,4/11/2024,5,$285.68
522,146,1015,7/11/2025,1,$112.50
523,101,1018,8/29/2025,1,$1892.12
524,110,1002,8/30/2024,2,$1149.09
525,137,1005,3/13/2024,1,$1246.65
526,131,1009,3/8/2024,4,$1285.84
527,149,1006,4/11/2024,4,$1083.07
528,109,1004,8/13/2024,1,$1989.86
529,150,1020,10/12/2024,2,$1555.26
530,109,1002,8/2/2025,2,$1668.87
531,129,1018,9/29/2025,5,$651.09
532,104,1013,8/26/2024,1,$1546.23
533,139,1015,2/24/2025,1,$201.49
534,145,1020,11/5/2024,1,$652.39
535,110,1018,6/28/2025,4,$1917.95
536,124,1014,1/14/2024,1,$42.52
537,116,1003,4/15/2024,2,$828.75
538,150,1011,3/23/2025,3,$108.61
539,110,1006,4/15/2024,3,$1864.04
540,105,1018,11/29/2024,1,$337.64
541,110,1016,8/23/2024,5,$1710.83
542,131,1016,6/10/2025,3,$1871.02
543,113,1010,12/25/2024,1,$1054.90
544,131,1009,8/16/2024,2,$430.28
545,107,1014,1/8/2024,1,$1634.28
546,107,1001,12/18/2024,3,$468.72
547,150,1016,11/17/2025,3,$1053.52
548,127,1018,11/6/2024,1,$219.50
549,110,1016,10/16/2025,1,$769.68
550,122,1013,4/16/2025,1,$870.74
551,120,1006,4/18/2025,1,$1608.19
552,135,1015,3/5/2024,1,$1931.30
553,116,1009,6/30/2025,5,$907.73
554,137,1007,4/29/2024,1,$1312.44
555,123,1017,3/11/2024,1,$869.31
556,126,1013,11/21/2025,4,$1012.50
557,136,1007,1/31/2025,3,$618.69
558,105,1003,9/18/2024,1,$1941.35
559,143,1018,1/3/2025,5,$1594.32
560,114,1017,8/6/2025,1,$1103.14
561,111,1004,7/4/2024,4,$421.89
562,101,1009,1/4/2025,5,$1890.43
563,140,1008,4/18/2024,2,$273.91
564,129,1016,8/6/2025,4,$935.35
565,137,1020,3/18/2024,2,$1500.87
566,137,1019,10/20/2024,2,$738.86
567,136,1013,7/10/2025,3,$90.13
568,125,1002,7/4/2025,4,$1321.19
569,120,1006,2/18/2024,2,$1629.35
570,131,1005,1/15/2025,2,$537.80
571,105,1001,5/26/2025,3,$260.04
572,134,1003,6/16/2024,3,$1078.84
573,144,1003,4/30/2025,2,$295.33
574,115,1015,9/13/2025,2,$1921.41
575,125,1004,4/30/2024,2,$293.03
576,144,1001,3/22/2025,4,$1687.51
577,139,1009,2/10/2025,5,$1146.88
578,136,1010,6/17/2024,5,$90.88
579,138,1010,3/3/2025,4,$115.94
580,146,1001,6/4/2024,5,$1127.05
581,105,1003,7/26/2025,4,$693.03
582,109,1006,7/16/2024,5,$170.11
583,138,1001,1/11/2025,2,$151.08
584,127,1013,2/26/2024,1,$1849.16
585,119,1004,10/16/2025,5,$1006.02
586,114,1020,12/4/2024,1,$128.73
587,129,1004,5/6/2025,4,$160.57
588,118,1011,8/7/2024,1,$1192.58
589,118,1006,7/12/2025,3,$1141.27
590,105,1014,11/1/2025,1,$1039.70
591,130,1001,7/13/2025,2,$1696.93
592,116,1003,3/14/2025,3,$540.96
593,116,1014,4/22/2025,1,$286.87
594,121,1011,5/2/2025,3,$366.98
595,107,1012,9/7/2024,4,$1958.25
596,123,1018,11/1/2025,5,$819.49
597,138,1014,4/26/2025,2,$1483.39
598,117,1005,2/1/2025,1,$1287.83
599,119,1018,1/20/2024,2,$1894.12
600,134,1020,10/18/2024,5,$1481.36
601,105,1001,5/22/2025,3,$351.00
602,143,1015,9/29/2025,3,$1888.20
603,104,1019,12/30/2024,2,$1865.92
604,101,1008,4/30/2025,5,$1690.67
605,145,1014,4/28/2025,5,$414.77
606,114,1018,3/29/2025,4,$447.29
607,111,1003,3/20/2025,5,$1409.13
608,117,1001,11/29/2025,2,$935.49
609,102,1006,7/14/2024,3,$1256.44
610,101,1001,10/30/2025,5,$1493.34
611,111,1004,7/26/2024,3,$914.34
612,140,1006,12/18/2024,5,$1545.27
613,142,1004,10/9/2024,3,$475.60
614,122,1013,6/15/2024,2,$504.70
615,109,1003,4/17/2025,3,$184.60
616,105,1016,3/12/2024,3,$594.01
617,127,1003,12/24/2024,2,$1337.24
618,113,1008,5/19/2024,5,$440.43
619,104,1013,9/4/2024,5,$172.46
620,117,1002,1/27/2024,4,$1722.14
621,136,1008,4/4/2024,1,$1488.26
622,111,1001,10/13/2024,3,$467.11
623,107,1011,6/30/2024,3,$1160.81
624,132,1001,7/3/2025,1,$354.56
625,124,1017,8/18/2024,3,$148.33
626,132,1004,6/2/2024,4,$20.30
627,122,1001,3/30/2024,2,$401.27
628,117,1004,7/4/2024,4,$20.86
629,147,1004,10/19/2024,2,$1121.14
630,140,1004,1/6/2025,1,$1684.58
631,137,1015,6/12/2025,3,$310.69
632,104,1006,11/12/2025,1,$1261.69
633,136,1004,10/24/2025,1,$1955.36
634,139,1002,8/19/2025,5,$65.82
635,126,1014,5/24/2024,1,$1141.52
636,103,1015,6/5/2024,5,$515.64
637,148,1016,4/1/2025,3,$754.35
638,105,1001,6/7/2025,1,$428.68
639,115,1018,11/22/2025,1,$1885.23
640,142,1015,11/20/2024,5,$969.68
641,147,1017,8/29/2025,5,$507.05
642,108,1004,4/22/2025,4,$1125.04
643,101,1008,1/25/2025,4,$732.43
644,134,1018,10/16/2025,2,$561.70
645,136,1003,8/27/2025,5,$686.11
646,103,1009,10/27/2024,1,$1885.82
647,108,1006,10/7/2024,3,$857.06
648,134,1009,5/15/2025,4,$1997.77
649,149,1005,3/27/2025,2,$974.66
650,139,1004,2/24/2024,4,$578.82
651,117,1003,12/10/2024,5,$643.22
652,108,1014,1/29/2024,4,$1729.94
653,144,1004,8/4/2025,4,$131.80
654,134,1001,1/1/2024,3,$198.05
655,113,1002,4/10/2024,2,$331.18
656,145,1009,6/11/2025,1,$1038.17
657,129,1015,8/26/2025,4,$1431.28
658,140,1020,3/25/2025,5,$433.09
659,120,1001,7/5/2025,3,$1430.86
660,150,1010,4/30/2025,3,$1477.48
661,133,1010,6/30/2024,2,$1853.41
662,136,1014,5/15/2025,3,$179.36
663,119,1019,12/16/2024,5,$1108.13
664,139,1009,8/25/2024,3,$1803.08
665,106,1017,12/13/2024,5,$237.49
666,101,1005,8/30/2025,3,$359.71
667,125,1017,8/11/2024,1,$697.37
668,146,1008,8/15/2025,5,$307.91
669,112,1016,11/20/2024,1,$1048.08
670,143,1005,9/30/2024,4,$33.24
671,134,1009,6/25/2025,5,$100.14
672,102,1005,11/13/2024,5,$1546.32
673,145,1005,12/30/2024,4,$1074.11
674,113,1012,11/12/2025,1,$1742.81
675,128,1003,5/7/2024,1,$1555.56
676,114,1017,7/16/2025,3,$776.06
677,102,1020,2/20/2025,4,$73.92
678,125,1004,6/4/2025,3,$632.18
679,115,1007,11/19/2025,1,$157.31
680,135,1018,10/19/2024,2,$1425.97
681,131,1002,5/5/2025,4,$679.50
682,107,1011,9/8/2025,5,$948.93
683,129,1013,2/25/2025,1,$960.61
684,120,1020,11/16/2024,3,$606.69
685,118,1006,7/30/2025,5,$1965.19
686,136,1002,1/20/2025,2,$1520.24
687,149,1014,7/15/2024,5,$1215.01
688,128,1018,10/7/2024,3,$440.01
689,137,1011,3/17/2024,4,$1717.40
690,138,1007,9/8/2025,4,$1292.22
691,106,1014,9/17/2024,3,$84.34
692,113,1002,6/18/2024,3,$1438.98
693,116,1009,9/16/2024,3,$656.73
694,101,1014,8/19/2025,1,$71.33
695,111,1003,9/9/2025,4,$1826.18
696,110,1002,1/10/2024,4,$1993.66
697,142,1008,5/4/2025,5,$1479.42
698,125,1011,10/29/2024,3,$1233.33
699,130,1017,9/18/2025,2,$1833.44
700,101,1017,2/27/2025,3,$1186.37
701,150,1019,1/9/2025,3,$675.38
702,120,1009,5/8/2025,3,$1199.43
703,119,1004,7/28/2025,4,$877.12
704,138,1018,6/3/2025,1,$793.81
705,101,1012,9/21/2025,5,$740.51
706,112,1005,12/20/2024,1,$1522.26
707,141,1010,4/23/2025,5,$61.93
708,132,1004,4/11/2024,3,$205.64
709,129,1003,10/1/2024,5,$1512.11
710,115,1018,8/9/2025,4,$1851.63
711,138,1010,1/20/2024,5,$242.54
712,104,1004,8/3/2024,4,$63.83
713,112,1017,7/10/2024,1,$372.68
714,102,1016,6/3/2025,1,$377.32
715,103,1020,2/28/2025,4,$627.23
716,121,1005,10/12/2024,1,$1124.42
717,147,1009,4/7/2025,1,$1939.31
718,133,1011,6/17/2025,5,$726.31
719,142,1002,7/19/2025,2,$948.34
720,143,1001,3/12/2025,1,$66.60
721,108,1003,10/5/2025,1,$1763.57
722,144,1002,4/12/2024,2,$1202.22
723,118,1004,5/7/2024,2,$730.18
724,108,1009,11/15/2025,2,$1029.04
725,104,1005,11/15/2025,5,$609.06
726,122,1008,1/16/2025,5,$1435.33
727,133,1018,3/7/2025,1,$356.30
728,117,1003,4/2/2024,3,$1840.41
729,117,1002,10/9/2025,2,$1691.82
730,150,1008,3/15/2025,2,$732.99
731,107,1016,11/3/2025,1,$1213.90
732,104,1001,3/8/2024,5,$888.09
733,140,1019,8/20/2025,1,$601.47
734,122,1015,9/19/2024,1,$1760.68
735,103,1011,9/11/2024,2,$241.04
736,133,1020,1/29/2025,2,$1851.47
737,111,1016,3/15/2024,2,$1553.36
738,110,1009,3/29/2024,3,$467.21
739,148,1005,11/20/2025,4,$849.32
740,105,1001,8/18/2025,4,$632.62
741,106,1013,8/28/2024,1,$1486.28
742,132,1006,9/10/2024,3,$1327.83
743,118,1015,1/20/2024,5,$166.72
744,113,1020,3/31/2024,3,$986.63
745,114,1003,8/1/2025,1,$1892.99
746,109,1007,2/15/2024,2,$1311.95
747,119,1010,4/6/2024,1,$663.41
748,109,1007,9/17/2025,5,$802.05
749,109,1001,11/18/2024,1,$236.92
750,131,1018,5/23/2024,5,$219.07
751,132,1013,4/18/2025,1,$1251.22
752,129,1005,11/23/2024,3,$978.25
753,122,1019,3/17/2025,5,$77.64
754,114,1001,6/20/2025,5,$762.78
755,121,1013,4/20/2024,5,$355.15
756,111,1002,2/20/2025,1,$527.64
757,102,1008,8/6/2025,3,$649.95
758,109,1015,10/20/2024,2,$376.37
759,125,1011,3/9/2025,5,$240.21
760,136,1004,4/4/2024,1,$1900.09
761,118,1012,10/8/2025,4,$1512.38
762,135,1012,3/6/2025,5,$1635.30
763,150,1005,12/29/2024,4,$1696.94
764,105,1007,1/10/2024,3,$900.87
765,130,1009,8/20/2025,5,$1860.00
766,112,1018,5/4/2025,5,$760.82
767,112,1002,6/29/2024,5,$77.02
768,134,1004,9/20/2025,4,$545.14
769,130,1020,4/9/2024,3,$252.38
770,131,1020,4/10/2025,3,$595.78
771,113,1017,6/6/2024,5,$876.66
772,102,1016,6/5/2024,2,$899.71
773,144,1012,11/6/2025,5,$1150.31
774,141,1007,10/19/2024,5,$1890.50
775,148,1015,6/13/2024,2,$51.20
776,139,1010,10/17/2025,4,$753.44
777,133,1017,1/3/2025,1,$31.30
778,111,1018,6/30/2024,5,$1991.42
779,142,1010,10/18/2024,5,$1933.44
780,147,1016,3/21/2024,5,$1932.89
781,150,1017,2/21/2024,4,$904.06
782,132,1020,7/11/2025,3,$281.51
783,102,1003,12/18/2024,3,$615.41
784,108,1016,7/10/2025,4,$1729.84
785,125,1019,5/22/2025,1,$1226.42
786,104,1003,1/9/2024,5,$1811.26
787,133,1008,8/30/2024,2,$1756.28
788,149,1010,10/26/2025,3,$964.78
789,107,1013,4/5/2025,3,$153.23
790,101,1018,1/18/2025,4,$1198.25
791,135,1008,10/20/2024,2,$1566.60
792,137,1011,3/15/2024,2,$1825.15
793,130,1004,1/14/2024,2,$1687.17
794,126,1003,11/24/2025,4,$1288.01
795,117,1017,11/7/2024,2,$1063.04
796,129,1004,11/5/2025,3,$921.43
797,105,1001,8/15/2025,1,$1781.37
798,115,1007,1/7/2024,1,$562.03
799,131,1008,6/17/2025,4,$1503.20
800,138,1002,11/1/2025,3,$1837.92
801,129,1013,1/15/2025,3,$100.63
802,115,1003,8/2/2024,3,$145.29
803,124,1016,2/8/2025,2,$858.82
804,111,1017,6/16/2025,4,$1374.15
805,130,1017,1/13/2024,4,$178.24
806,101,1010,4/10/2025,3,$1880.50
807,113,1010,5/20/2024,4,$121.75
808,123,1010,4/18/2024,2,$1657.77
809,149,1004,5/13/2024,2,$335.33
810,125,1009,2/27/2024,2,$1779.34
811,138,1007,9/30/2024,1,$1340.49
812,131,1008,10/23/2024,3,$1970.36
813,136,1002,9/15/2024,4,$1123.25
814,112,1006,1/8/2024,1,$778.84
815,101,1019,6/28/2024,3,$1684.17
816,102,1020,6/19/2025,4,$118.58
817,124,1009,2/27/2025,5,$1619.67
818,133,1003,1/1/2025,3,$893.36
819,117,1001,3/7/2024,1,$1854.38
820,149,1011,3/20/2024,5,$779.51
821,107,1013,6/10/2025,1,$1245.47
822,108,1011,11/17/2024,3,$311.34
823,139,1015,8/28/2024,4,$654.77
824,109,1013,7/1/2024,4,$1718.90
825,146,1007,8/26/2024,4,$692.02
826,102,1003,10/6/2025,2,$324.29
827,117,1019,11/8/2025,1,$546.21
828,105,1003,8/28/2025,1,$1956.74
829,144,1002,6/1/2025,2,$1795.14
830,147,1018,6/2/2024,1,$759.56
831,139,1010,4/18/2024,2,$1437.22
832,115,1015,12/29/2024,2,$909.14
833,111,1005,11/24/2024,3,$1104.65
834,130,1017,9/20/2024,5,$1606.94
835,104,1007,9/27/2024,1,$498.05
836,135,1002,10/26/2024,1,$1867.52
837,123,1011,7/18/2024,3,$427.46
838,135,1001,4/13/2025,4,$421.73
839,116,1020,8/30/2025,1,$1925.77
840,145,1017,1/20/2025,3,$651.61
841,126,1012,10/12/2025,4,$998.43
842,120,1014,11/11/2024,5,$183.13
843,108,1001,2/20/2024,4,$957.58
844,138,1015,6/20/2024,5,$327.77
845,134,1018,6/14/2025,2,$1868.98
846,105,1016,5/14/2025,1,$525.29
847,127,1011,6/26/2025,1,$298.64
848,131,1010,1/12/2025,5,$1123.69
849,121,1007,12/16/2024,1,$656.96
850,133,1018,9/6/2025,3,$611.02
851,102,1002,11/21/2025,2,$24.37
852,120,1013,12/22/2024,3,$1343.38
853,122,1016,4/11/2025,4,$1007.70
854,138,1020,6/19/2025,4,$1959.55
855,147,1002,11/30/2025,4,$489.85
856,146,1009,10/24/2025,1,$222.97
857,126,1008,1/31/2024,5,$1199.26
858,138,1006,6/28/2024,4,$274.78
859,138,1001,6/23/2025,5,$750.11
860,137,1014,11/30/2025,5,$1749.70
861,134,1005,9/7/2024,1,$1115.37
862,149,1014,3/5/2025,2,$304.97
863,136,1011,4/26/2024,1,$1701.92
864,140,1003,11/29/2024,3,$116.77
865,150,1010,4/1/2025,3,$1506.50
866,147,1016,10/20/2025,5,$61.98
867,118,1005,1/23/2024,3,$749.86
868,149,1005,7/3/2024,2,$919.82
869,125,1010,6/21/2024,2,$214.77
870,102,1016,1/9/2025,5,$802.84
871,102,1017,1/31/2024,5,$1576.49
872,136,1013,2/2/2025,1,$1706.24
873,104,1010,4/18/2024,1,$379.00
874,105,1017,3/6/2025,5,$1186.67
875,123,1002,2/18/2025,4,$149.38
876,102,1006,8/28/2024,4,$736.02
877,113,1013,3/11/2024,1,$1851.31
878,114,1014,4/6/2025,5,$1958.29
879,120,1004,9/8/2025,2,$130.01
880,149,1020,9/10/2024,5,$376.48
881,125,1005,10/10/2025,3,$964.09
882,103,1005,7/27/2025,4,$1824.38
883,106,1017,3/30/2024,5,$1405.75
884,139,1012,7/5/2025,4,$196.68
885,118,1007,10/17/2025,2,$797.13
886,142,1007,11/25/2024,2,$260.28
887,132,1013,2/12/2025,3,$633.14
888,136,1014,10/3/2025,1,$1723.37
889,132,1005,8/23/2024,2,$1604.58
890,141,1005,8/9/2025,5,$1935.52
891,115,1017,11/29/2024,1,$300.97
892,107,1004,11/20/2025,2,$775.63
893,105,1012,11/9/2024,4,$1567.39
894,145,1016,5/17/2025,5,$1477.40
895,102,1018,3/10/2025,1,$1731.47
896,147,1002,11/20/2025,1,$1561.04
897,118,1003,11/3/2025,3,$1584.78
898,148,1010,9/17/2024,5,$1787.05
899,133,1013,2/5/2025,1,$273.23
900,147,1014,8/23/2025,5,$1955.23
901,143,1016,9/26/2025,3,$536.24
902,123,1008,2/7/2024,4,$692.46
903,137,1003,5/15/2025,4,$1714.68
904,114,1015,6/23/2024,5,$896.75
905,132,1009,11/6/2025,5,$116.14
906,111,1002,7/4/2025,5,$1067.16
907,128,1016,7/4/2025,5,$26.40
908,106,1011,6/20/2024,2,$144.16
909,135,1008,3/13/2024,4,$750.55
910,112,1006,6/9/2024,1,$1202.50
911,147,1009,9/16/2024,4,$384.17
912,121,1016,8/9/2024,5,$216.97
913,136,1008,8/7/2024,4,$1941.83
914,116,1010,3/16/2025,2,$1213.51
915,102,1004,7/11/2025,4,$1511.81
916,123,1017,8/11/2025,1,$1352.95
917,144,1010,3/3/2024,4,$1808.76
918,123,1005,2/2/2024,4,$135.93
919,132,1005,3/13/2025,2,$544.81
920,103,1011,11/8/2024,1,$688.96
921,106,1020,4/19/2025,5,$342.56
922,110,1002,9/1/2024,2,$1986.53
923,108,1009,6/25/2025,5,$775.94
924,119,1011,10/7/2025,1,$1538.00
925,131,1009,9/2/2025,3,$163.88
926,148,1005,6/19/2024,4,$1320.66
927,116,1014,4/18/2025,5,$1281.42
928,115,1007,9/25/2024,3,$1862.43
929,149,1002,6/2/2024,5,$1881.19
930,149,1008,7/30/2024,1,$1861.66
931,123,1015,1/22/2024,5,$1774.29
932,105,1015,10/28/2025,2,$1021.40
933,131,1016,4/29/2024,4,$1576.74
934,146,1013,12/14/2024,2,$101.94
935,112,1007,3/8/2024,1,$1132.18
936,137,1019,12/2/2024,2,$249.70
937,101,1016,1/15/2025,3,$293.77
938,122,1004,4/6/2025,1,$1601.78
939,128,1018,2/22/2024,1,$1186.63
940,148,1014,3/5/2025,2,$1166.93
941,107,1010,4/20/2025,4,$1125.50
942,125,1014,6/20/2025,3,$1749.84
943,108,1020,6/5/2025,2,$1315.87
944,106,1012,7/16/2025,4,$1479.19
945,127,1013,5/26/2025,4,$1149.26
946,143,1007,4/30/2025,3,$622.83
947,112,1013,8/4/2024,2,$377.58
948,142,1010,3/9/2024,4,$936.61
949,120,1015,7/25/2024,1,$1001.09
950,113,1020,9/2/2024,4,$421.38
951,117,1018,10/20/2024,3,$1075.84
952,124,1017,9/2/2025,1,$1475.80
953,102,1014,6/5/2024,4,$1433.57
954,101,1003,12/23/2024,4,$1297.10
955,144,1001,9/26/2025,1,$1898.40
956,109,1018,7/3/2025,3,$48.60
957,125,1018,6/18/2025,4,$958.57
958,126,1003,6/15/2024,2,$432.57
959,122,1006,1/17/2025,1,$1536.14
960,143,1010,7/25/2025,2,$1814.64
961,111,1009,10/23/2024,3,$408.05
962,117,1011,4/30/2024,3,$439.87
963,116,1010,2/4/2025,5,$755.70
964,115,1008,9/1/2024,1,$352.26
965,148,1006,4/15/2024,3,$853.37
966,103,1004,2/1/2024,5,$1042.29
967,110,1018,7/20/2025,1,$1728.01
968,144,1016,8/13/2024,3,$975.85
969,116,1016,6/15/2024,3,$1527.54
970,107,1001,1/11/2024,2,$405.42
971,146,1017,4/8/2025,4,$57.56
972,132,1019,1/7/2025,2,$1548.83
973,128,1013,3/9/2024,5,$341.55
974,126,1007,5/7/2025,1,$1255.75
975,144,1014,8/2/2024,5,$1952.71
976,114,1009,4/13/2025,4,$58.66
977,133,1019,6/16/2025,4,$981.01
978,121,1001,9/8/2025,1,$39.76
979,121,1018,10/28/2025,5,$86.68
980,123,1017,12/19/2024,4,$867.30
981,129,1005,8/22/2025,1,$989.17
982,124,1019,10/1/2025,3,$1618.00
983,136,1008,8/19/2024,2,$1697.73
984,122,1006,9/5/2024,5,$1587.95
985,112,1006,12/26/2024,2,$541.05
986,140,1016,5/24/2024,5,$891.76
987,126,1017,6/29/2025,4,$492.62
988,109,1020,3/30/2025,1,$1821.04
989,123,1004,11/18/2024,1,$920.19
990,128,1002,2/28/2025,4,$635.18
991,138,1005,4/7/2024,5,$1729.64
992,121,1011,2/17/2025,1,$1277.36
993,105,1002,3/5/2024,1,$1055.01
994,134,1004,9/15/2025,2,$1868.43
995,134,1017,1/28/2025,1,$1964.95
996,128,1002,11/6/2024,1,$1837.94
997,139,1013,6/28/2025,2,$1475.92
998,133,1009,9/11/2024,1,$577.80
999,121,1009,12/18/2024,3,$924.15
1000,122,1010,2/13/2024,1,$802.98
